#Dataset,Scratch,Static,SC,MU,MS
2,90.1075675675676,63.65243243243244,80.20351351351353,90.15243243243248,90.81175675675674
3,86.4287931034483,48.72034482758621,71.61327586206895,86.35706896551724,87.15224137931035
4,87.41779411764708,45.72294117647057,66.73294117647058,87.09264705882352,87.87088235294117
