Combination ID,Modularized Accuracy,Training Time,Inference Time
0,0.7771621621621622,176.11345833378869,5.1617187858063256e-05
