Combination ID,Modularized Accuracy,Training Time,Inference Time
0,0.7771621621621622,176.11345833378869,5.1617187858063256e-05
1,0.7840350877192982,162.60647281429223,5.59511445932808e-05
