Combination,Accuracy,Time
(fmnist:1-)(kmnist:2-5-7-9-)(mnist:2-4-),0.9170230966638152,18.760735988616943
(emnist:0-1-2-3-4-5-6-7-8-9-10-11-12-13-14-15-16-17-18-19-21-22-23-24-25-26-27-28-29-30-31-32-33-34-35-36-37-38-39-40-41-42-43-44-45-46-47-48-49-50-51-52-53-54-55-56-57-58-59-60-61-)(fmnist:0-1-2-3-4-5-6-7-9-),0.8153608503213516,229.78946566581726
(fmnist:0-1-2-3-4-5-6-7-8-9-)(mnist:0-1-2-3-4-5-6-7-8-9-),0.923,39.98199820518494
(emnist:2-3-5-8-9-10-12-13-14-15-16-17-19-21-22-23-26-27-28-29-32-33-34-36-38-39-40-42-44-45-46-47-48-52-53-54-56-59-)(fmnist:3-8-)(kmnist:0-1-2-3-4-5-6-7-8-9-)(mnist:2-3-4-5-),0.8412241402846896,161.3305959701538
(emnist:4-8-39-55-)(fmnist:0-1-2-3-4-5-6-7-8-)(kmnist:0-1-2-4-5-8-)(mnist:0-1-2-3-4-5-6-7-8-),0.9074227269308867,88.39395594596863
(emnist:11-19-35-36-)(fmnist:1-4-8-9-)(kmnist:3-4-7-)(mnist:2-),0.9413877694059927,35.69786214828491
