Dataset,Mean Time
mnist,2.3621808528900146
fmnist,2.3194011211395265
kmnist,2.303490400314331
emnist,2.340699577331543
