Combination ID,Modularized Accuracy,Setup Time,Inference Time
0,0.6121621621621621,18.84059564487354,0.003453435982292459
